CustomerID,CustomerName,ContactNumber,CountryID
1,Customer A,901234567,1
2,Customer B,987654321,2
3,Customer C,912345678,3
4,Customer D,976543210,4
5,Customer E,901111222,5
6,Customer F,912345678,6
7,Customer G,987654321,7
8,Customer H,909999888,8
9,Customer I,910000111,9
10,Customer J,977777666,10
11,Customer K,908888999,11
12,Customer L,988888999,12
13,Customer M,912345678,13
14,Customer N,901111222,14
15,Customer O,912345678,15
16,Customer P,987654321,16
17,Customer Q,909999888,17
18,Customer R,910000111,18
19,Customer S,977777666,19
20,Customer T,908888999,20
21,Customer U,901111333,21
22,Customer V,912222444,22
23,Customer W,903333555,23
24,Customer X,914444666,24
25,Customer Y,905555777,25
26,Customer Z,916666888,26
27,Customer A1,907777999,27
28,Customer B1,918888111,28
29,Customer C1,909999222,29
30,Customer D1,910000333,30
31,Customer E1,901111444,31
32,Customer F1,912222555,32
33,Customer G1,903333666,33
34,Customer H1,914444777,34
35,Customer I1,905555888,35
36,Customer J1,916666999,36
37,Customer K1,907777000,37
38,Customer L1,918888111,38
39,Customer M1,909999222,39
40,Customer N1,910000333,40
41,Customer U2,901111333,41
42,Customer V2,912222444,42
43,Customer W2,903333555,43
44,Customer X2,914444666,44
45,Customer Y2,905555777,45
46,Customer Z2,916666888,46
47,Customer A2,907777999,47
48,Customer B2,918888111,48
49,Customer C2,909999222,49
50,Customer D2,910000333,50
51,Customer E2,901111444,51
52,Customer F2,912222555,52
53,Customer G2,903333666,53
54,Customer H2,914444777,54
55,Customer I2,905555888,55
56,Customer J2,916666999,56
57,Customer K2,907777000,57
58,Customer L2,918888111,58
59,Customer M2,909999222,59
60,Customer N2,910000333,60
61,Customer U3,901111333,61
62,Customer V3,912222444,62
63,Customer W3,903333555,63
64,Customer X3,914444666,64
65,Customer Y3,905555777,65
66,Customer Z3,916666888,66
67,Customer A3,907777999,67
68,Customer B3,918888111,68
69,Customer C3,909999222,69
70,Customer D3,910000333,70
71,Customer E3,901111444,71
72,Customer F3,912222555,72
73,Customer G3,903333666,73
74,Customer H3,914444777,74
75,Customer I3,905555888,75
76,Customer J3,916666999,76
77,Customer K3,907777000,77
78,Customer L3,918888111,78
79,Customer M3,909999222,79
80,Customer N3,910000333,80
81,Customer U4,901111333,81
82,Customer V4,912222444,82
83,Customer W4,903333555,83
84,Customer X4,914444666,84
85,Customer Y4,905555777,85
86,Customer Z4,916666888,86
87,Customer A4,907777999,87
88,Customer B4,918888111,88
89,Customer C4,909999222,89
90,Customer D4,910000333,90
91,Customer E4,901111444,91
92,Customer F4,912222555,92
93,Customer G4,903333666,93
94,Customer H4,914444777,94
95,Customer I4,905555888,95
96,Customer J4,916666999,96
97,Customer K4,907777000,97
98,Customer L4,918888111,98
99,Customer M4,909999222,99
100,Customer N4,910000333,100
101,Customer U5,901111333,101
102,Customer V5,912222444,102
103,Customer W5,903333555,103
104,Customer X5,914444666,104
105,Customer Y5,905555777,105
106,Customer Z5,916666888,106
107,Customer A5,907777999,107
108,Customer B5,918888111,108
109,Customer C5,909999222,109
110,Customer D5,910000333,110
111,Customer E5,901111444,111
112,Customer F5,912222555,112
113,Customer G5,903333666,113
114,Customer H5,914444777,114
115,Customer I5,905555888,115
116,Customer J5,916666999,116
117,Customer K5,907777000,117
118,Customer L5,918888111,118
119,Customer M5,909999222,119
120,Customer N5,910000333,120
121,Customer U6,901111333,121
122,Customer V6,912222444,122
123,Customer W6,903333555,123
124,Customer X6,914444666,124
125,Customer Y6,905555777,125
126,Customer Z6,916666888,126
127,Customer A6,907777999,127
128,Customer B6,918888111,128
129,Customer C6,909999222,129
130,Customer D6,910000333,130
131,Customer E6,901111444,131
132,Customer F6,912222555,132
133,Customer G6,903333666,133
134,Customer H6,914444777,134
135,Customer I6,905555888,135
136,Customer J6,916666999,136
137,Customer K6,907777000,137
138,Customer L6,918888111,138
139,Customer M6,909999222,139
140,Customer N6,910000333,140
141,Customer U7,901111333,141
142,Customer V7,912222444,142
143,Customer W7,903333555,143
144,Customer X7,914444666,144
145,Customer Y7,905555777,145
146,Customer Z7,916666888,146
147,Customer A7,907777999,147
148,Customer B7,918888111,148
149,Customer C7,909999222,149
150,Customer D7,910000333,150
151,Customer E7,901111444,151
152,Customer F7,912222555,152
153,Customer G7,903333666,153
154,Customer H7,914444777,154
155,Customer I7,905555888,155
156,Customer J7,916666999,156
157,Customer K7,907777000,157
158,Customer L7,918888111,158
159,Customer M7,909999222,159
160,Customer N7,910000333,160
161,Customer U8,901111333,161
162,Customer V8,912222444,162
163,Customer W8,903333555,163
164,Customer X8,914444666,164
165,Customer Y8,905555777,165
166,Customer Z8,916666888,166
167,Customer A8,907777999,167
168,Customer B8,918888111,168
169,Customer C8,909999222,169
170,Customer D8,910000333,170
171,Customer E8,901111444,171
172,Customer F8,912222555,172
173,Customer G8,903333666,173
174,Customer H8,914444777,174
175,Customer I8,905555888,175
176,Customer J8,916666999,176
177,Customer K8,907777000,177
178,Customer L8,918888111,178
179,Customer M8,909999222,179
180,Customer N8,910000333,180
181,Customer U9,901111333,181
182,Customer V9,912222444,182
183,Customer W9,903333555,183
184,Customer X9,914444666,184
185,Customer Y9,905555777,185
186,Customer Z9,916666888,186
187,Customer A9,907777999,187
188,Customer B9,918888111,188
189,Customer C9,909999222,189
190,Customer D9,910000333,190
191,Customer E9,901111444,191
192,Customer F9,912222555,192
193,Customer G9,903333666,193
194,Customer H9,914444777,194
195,Customer I9,905555888,195
196,Customer J9,916666999,196
197,Customer K9,907777000,197
198,Customer L9,918888111,198
199,Customer M9,909999222,199
200,Customer N9,910000333,200
